IP,Count
203.0.113.15,26
203.0.113.14,24
203.0.113.10,18
203.0.113.50,24
203.0.113.9,25
203.0.113.22,25
203.0.113.19,20
203.0.113.42,33
203.0.113.39,18
203.0.113.40,18
203.0.113.1,20
203.0.113.5,18
203.0.113.21,16
203.0.113.27,20
203.0.113.24,20
203.0.113.6,10
203.0.113.4,23
203.0.113.7,15
203.0.113.26,15
203.0.113.11,26
203.0.113.38,23
203.0.113.43,21
203.0.113.30,12
203.0.113.47,23
203.0.113.23,23
203.0.113.25,17
203.0.113.41,16
203.0.113.29,21
203.0.113.33,23
203.0.113.44,17
203.0.113.18,24
203.0.113.35,20
203.0.113.8,19
203.0.113.13,25
203.0.113.31,21
203.0.113.16,24
203.0.113.3,20
203.0.113.45,21
203.0.113.32,23
203.0.113.36,16
203.0.113.46,24
203.0.113.49,15
203.0.113.12,14
203.0.113.20,20
203.0.113.2,19
203.0.113.48,14
203.0.113.34,24
203.0.113.17,15
203.0.113.28,19
203.0.113.37,13
